Spring half term 2010,  13-Feb-10,  21-Feb-10,,8
Easter 2010,  01-Apr-10,  18-Apr-10,,17
Mayday 2010,  01-May-10,  03-May-10,,2
Whitsun 2010,  29-May-10,  06-Jun-10,,8
Summer 2010,  23-Jul-10,  31-Aug-10,,39
Autumn half term 2010,  23-Oct-10,  31-Oct-10,,8
Xmas 2010,  18-Dec-10,  03-Jan-11,,16
Spring half term 2011,  19-Feb-11,  27-Feb-11,,8
Easter 2011,  09-Apr-11,  25-Apr-11,,16
Mayday 2011,  29-Apr-11,  02-May-11,,3
Whitsun 2011,  28-May-11,  05-Jun-11,,8
Summer 2011,  23-Jul-11,  02-Sep-11,,41
Autumn Half Term 2011,  22-Oct-11,  30-Oct-11,,8
Xmas 2011,  17-Dec-11,  02-Jan-12,,16
Spring Half Term 2012,  11-Feb-12,  19-Feb-12,,8
Easter 2012,  31-Mar-12,  15-Apr-12,,15
May Day 2012,  07-May-12,  07-May-12,,0
Whitsun 2012,  02-Jun-12,  10-Jun-12,,8
Summer 2012,  19-Jul-12,  02-Sep-12,,45
Autumn Half Term 2012,  27-Oct-12,  04-Nov-12,,8
Xmas 2012,  22-Dec-12,  02-Jan-13,,11
Spring Half Term 2013,  09-Feb-13,  17-Feb-13,,8
Easter 2013,  22-Mar-13,  07-Apr-13,,16
May Day 2013,  25-May-13,  02-Jun-13,,8
Whitsun 2013,  25-May-13,  02-Jun-13,,8
Summer 2013,  20-Jul-13,  01-Sep-13,,43
Autumn Half Term 2013,  24-Oct-13,  03-Nov-13,,10
Xmas 2013,  21-Dec-13,  05-Jan-14,,15
Spring Half Term 2014,  15-Feb-14,  23-Feb-14,,8
Easter 2014,  05-Apr-14,  21-Apr-14,,16
Mayday 2014,  04-May-14,  05-May-14,,1
Whitsun 2014,  24-May-14,  01-Jun-14,,8
Summer 2014,  23-Jul-14,  02-Sep-14,,41
Autumn Half Term 2014,  23-Oct-14,  02-Nov-14,,10
Xmas 2014,  20-Dec-14,  04-Jan-15,,15
Spring Half Term 2015,  14-Feb-15,  22-Feb-15,,8
Easter 2015,  28-Mar-15,  12-Apr-15,,15
Mayday 2015,  03-May-15,  04-May-15,,1
Whitsun 2015,  23-May-15,  31-May-15,,8
Summer 2015,  18-Aug-15,  01-Sep-15,,14
Autumn Half Term 2015,  22-Oct-15,  01-Nov-15,,10
Xmas 2015,  19-Dec-15,  03-Jan-16,,15
Spring Half Term 2016,  13-Feb-16,  21-Feb-16,,8
Easter 2016,  02-Apr-16,  17-Apr-16,,15
Whitsun 2016,  28-May-16,  05-Jun-16,,8
Summer 2016,  20-Jul-16,  31-Aug-16,,42
Autumn Half Term 2016,  22-Oct-16,  30-Oct-16,,8
Xmas 2016,  17-Dec-16,  02-Jan-17,,16
Spring Half Term 2017,  11-Feb-17,  19-Feb-17,,8
Easter 2017,  08-Apr-17,  23-Apr-17,,15
Whitsun 2017,  27-May-17,  04-Jun-17,,8
Summer 2017,  22-Jul-17,  03-Sep-17,,43
Autumn Half Term 2017,  21-Oct-17,  29-Oct-17,,8
Xmas 2017,  16-Dec-17,  01-Jan-18,,16
Spring Half Term 2018,  10-Feb-18,  18-Feb-18,,8
Easter 2018,  24-Mar-18,  08-Apr-18,,15
Whitsun 2018,  26-May-18,  03-Jun-18,,8
Summer 2018,  25-Jul-18,  02-Sep-18,,39
